<?xml version="1.0" encoding="UTF-8"?>
<albums>
    <album>
        <id>744</id>
        <titulo>Metallica - And Justice for All</titulo>
        <portada>portadas/metallica.jpg</portada>
        <tiendas>
            <tienda>
                <nombre>El corte Ingles</nombre>
                <precio>22,50€</precio>
            </tienda>
            <tienda>
                <nombre>Amazon</nombre>
                <precio>18,90€</precio>
            </tienda>
        </tiendas>
        <artistas>James Hetfield,Kirk Hammett,Lars Ulrich,Cliff Burton,Dave Mustaine,Robert Trujillo</artistas>
        <plataformas>Spotify</plataformas>
        <canciones>
            <cancion>
                <id>1</id>
                <titulo>One</titulo>
                <duracion>7:26</duracion>
                <colaboraciones>Hetfield, Ulrich</colaboraciones>
                <letra>...</letra>
                <precio>0,75€</precio>
            </cancion>
            <cancion>
                <id>2</id>
                <titulo>…And Justice for All</titulo>
                <duracion>9:44</duracion>
                <colaboraciones>Hetfield,Hetfield, Ulrich, Kirk Hammett</colaboraciones>
                <letra>...</letra>
                <precio>1€</precio>
            </cancion>
            <cancion>
                <id>3</id>
                <titulo>To Live Is to Die</titulo>
                <duracion>9:48</duracion>
                <colaboraciones>Cliff Burton</colaboraciones>
                <letra>...</letra>
                <precio>1,5€</precio>
            </cancion>
        </canciones>
    </album>
    <album>
        <id>745</id>
        <titulo>RATM - The battle of L.A.</titulo>
        <portada>portadas/ratm.jpg</portada>
        <tiendas>
            <tienda>
                <nombre>Amazon</nombre>
                <precio>18€</precio>
            </tienda>
            <tienda>
                <nombre>FNAC</nombre>
                <precio>15,50€</precio>
            </tienda>
        </tiendas>
        <artistas>Zack de la Rocha, Tom Morello, Tim commerford, Brad Wilk</artistas>
        <plataformas>Spotify, Youtube</plataformas>
        <canciones>
            <cancion>
                <id>4</id>
                <titulo>Sleep Now in the Fire</titulo>
                <duracion>3:26</duracion>
                <colaboraciones></colaboraciones>
                <letra>...</letra>
                <precio>0,95€</precio>
            </cancion>
                <cancion>
                <id>5</id>
                <titulo>Testify</titulo>
                <duracion>3:30</duracion>
                <colaboraciones></colaboraciones>
                <letra>...</letra>
                <precio>1€</precio>
            </cancion>
            <cancion>
                <id>6</id>
                <titulo>Guerrilla Radio</titulo>
                <duracion>3:26</duracion>
                <colaboraciones></colaboraciones>
                <letra>...</letra>
                <precio>1,85€</precio>
            </cancion>
        </canciones>
    </album>
    <album>
        <id>746</id>
        <titulo>Pantera - Vulgar Display of Power</titulo>
        <portada>portadas/pantera.jpg</portada>
        <tiendas>
            <tienda>
                <nombre>El corte Ingles</nombre>
                <precio>11,50€</precio>
            </tienda>
            <tienda>
                <nombre>Amazon</nombre>
                <precio>12€</precio>
            </tienda>
            <tienda>
                <nombre>FNAC</nombre>
                <precio>9.50€</precio>
            </tienda>
        </tiendas>
        <artistas>Phil Anselmo,Dimebag Darrell,Vinnie Paul,Zakk Wylde,Charlie Benante,Rex Brown</artistas>
        <plataformas>Youtube, Apple Music</plataformas>
        <canciones>
            <cancion>
                <id>7</id>
                <titulo>Walk</titulo>
                <duracion>5:11</duracion>
                <colaboraciones>Rex Brown</colaboraciones>
                <letra>...</letra>
                <precio>0.95€</precio>
            </cancion>
            <cancion>
                <id>8</id>
                <titulo>Mouth of War</titulo>
                <duracion>3:57</duracion>
                <colaboraciones>Dimebag Darrell,Vinnie Paul</colaboraciones>
                <letra>...</letra>
                <precio>1.75€</precio>
            </cancion>
        </canciones>
    </album>
    <album>
        <id>748</id>
        <titulo>Korn - Requiem</titulo>
        <portada>portadas/korn.jpg</portada>
        <tiendas>
            <tienda>
                <nombre>El corte Ingles</nombre>
                <precio>12,50€</precio>
            </tienda>
            <tienda>
                <nombre>Amazon</nombre>
                <precio>11€</precio>
            </tienda>
            <tienda>
                <nombre>FNAC</nombre>
                <precio>10.50€</precio>
            </tienda>
        </tiendas>
        <artistas>Reginald Arvizu, Ray Luzier, Jonathan Davis, James Shaffer y Brian Welch</artistas>
        <plataformas>Youtube, Apple Music, Pandora, Tidal</plataformas>
        <canciones>
            <cancion>
                <id>8</id>
                <titulo>Worst Is On Its Way</titulo>
                <duracion>4:04</duracion>
                <colaboraciones>Ray Luzier, Jonathan Davis</colaboraciones>
                <letra>...</letra>
                <precio>1.95€</precio>
            </cancion>
            <cancion>
                <id>9</id>
                <titulo>Start The Healing</titulo>
                <duracion>3:50</duracion>
                <colaboraciones></colaboraciones>
                <letra>...</letra>
                <precio>1.75€</precio>
            </cancion>
        </canciones>
    </album>
</albums>